jobid,job_title,detailid,companyid,location
J1,Site Civil Engineer,1,C1,"Delhi, Delhi, India"
J2,Receptionist,2,C2,"Delhi, Delhi, India"
J3,Sr. Engineer - Safety,3,C3,"Hyderabad, Telangana, India"
J4,Store Incharge,4,C4,"Hyderabad, Telangana, India"
J5,Social Media Marketer,5,C5,"Lucknow, Uttar Pradesh, India"
J6,UI/UX Consultant,6,C6,"Jaipur, Rajasthan, India"
J7,Safety Officer,7,C7,"Noida, Uttar Pradesh, India"
J8,Operator - Manufacturing,8,C8,"Ahmedabad, Gujarat, India"
J9,Creative Content Strategist,9,C9,"Mumbai, Maharashtra, India"
J10,"Engineer, Mechanical, Product Design – Centrifugal Compressor",10,C10,"Ahmedabad, Gujarat, India"
J11,Event Manager,11,C11,"Jaipur, Rajasthan, India"
J12,URGENT OPENING IN AIRPORT JOB ✈️,12,C12,"Bhubaneshwar, Odisha, India"
J13,Content Writer - Associate - Paytm Movies,13,C13,"Noida, Uttar Pradesh, India"
J14,AutoCAD Draughtsman- Bridges,14,C14,"Gurgaon, Haryana, India"
J15,Solar Liaisoning Manager (Lucknow),15,C15,"Lucknow, Uttar Pradesh, India"
J16,Head - Manufacturing - Vehicle Assembly,16,C16,"Chennai, Tamil Nadu, India"
J17,Back Office Executive,17,C17,"Ahmedabad, Gujarat, India"
J18,Materials And Process Engineer,18,C18,"Chennai, Tamil Nadu, India"
J19,Autocad Designer,19,C19,"Ahmedabad, Gujarat, India"
J20,Operator - Packing,20,C20,"Ahmedabad, Gujarat, India"
J21,Procurement Manager,21,C21,"Noida, Uttar Pradesh, India"
J22,Test Engineer,22,C22,"Pune, Maharashtra, India"
J23,Buyer,23,C23,"Gurgaon, Haryana, India"
J24,Social Media Executive,24,C24,"Gurgaon, Haryana, India"
J25,Sr. Store Officer,25,C25,"Delhi, Delhi, India"
J26,Front Office Executive,26,C26,"Mumbai, Maharashtra, India"
J27,Quality Control - Supervisor,27,C27,"Ahmedabad, Gujarat, India"
J28,Quality Control - Supervisor,28,C28,"Ahmedabad, Gujarat, India"
J29,Graphic Designer,29,C29,"Hyderabad, Telangana, India"
J30,Frontend Developer (React Js),30,C30,"Noida, Uttar Pradesh, India"
J31,Human Resources Officer,31,C31,"Gurugram, Haryana, India"
J32,IT Support,32,C32,"Delhi, Delhi, India"
J33,DM - Vigilance,33,C33,"Noida, Uttar Pradesh, India"
J34,Deputy Branch Manager,34,C34,"Sanganer, Rajasthan, India"
J35,HR Analytics Specialist Salary 40K,35,C35,"Bengaluru, Karnataka, India"
J36,Web Designer - HTML/CSS/Bootstrap,36,C36,"Ahmedabad, Gujarat, India"
J37,Head HR for a Leading Global School,37,C37,"Pune, Maharashtra, India"
J38,KYC Analyst,38,C38,"Jaipur, Rajasthan, India"
J39,Technical Help Desk,39,C39,"Sahibzada Ajit Singh Nagar, Punjab, India"
J40,Area Collections- Executive Manager,40,C40,"Lucknow, Uttar Pradesh, India"
J41,Regional Logistics & Accounts Manager,41,C41,"Delhi, Delhi, India"
J42,HR Manager,42,C42,"Gurgaon, Haryana, India"
J43,Content Writer,43,C43,"Lucknow, Uttar Pradesh, India"
J44,Sales Supervisor,44,C44,"Delhi, Delhi, India"
J45,Revenue Assurance (Finance),45,C45,"Noida, Uttar Pradesh, India"
J46,Airport Ground Staff,46,C46,"Pune, Maharashtra, India"
J47,Deputy Technical Manager/Quality Officer Laboratory.,47,C47,"Jaipur, Rajasthan, India"
J48,Photography & Videography Internship in Multiple locations at NavBharat Today,48,C48,"Gautam Buddha Nagar, Uttar Pradesh, India"
J49,Content Coordinator,49,C49,"Delhi, Delhi, India"
J50,Marketing Communication Client Manager,50,C50,"Delhi, Delhi, India"
J51,Regional Manager Channel Marketing,51,C51,"Lucknow, Uttar Pradesh, India"
J52,Customer Marketing Executive – Channel Marketing,52,C52,"Mumbai, Maharashtra, India"
J53,Mgr-Distribution Sales,53,C53,"Gurgaon, Haryana, India"
J54,IT Business Analyst,54,C54,"Jaipur, Rajasthan, India"
J55,HR Manager,55,C55,"Jaipur, Rajasthan, India"
J56,HR Advisor,56,C56,"Mumbai, Maharashtra, India"
J57,Graphic Designer,57,C57,"Ahmedabad, Gujarat, India"
J58,Operations Executive,58,C58,"Bengaluru, Karnataka, India"
J59,Customer Service Representative,59,C59,"Bengaluru, Karnataka, India"
J60,Manager/Associate Director- Digital Strategy,60,C60,"Bengaluru, Karnataka, India"
J61,URGENT OPENING IN AIRPORT JOB ✈️,61,C61,"Badgam, Jammu & Kashmir, India"
J62,Territory Sales Officer,62,C62,"Lucknow, Uttar Pradesh, India"
J63,Process Executive,63,C63,"Jaipur, Rajasthan, India"
J64,Academic Writer With Proficiency,64,C64,"Jaipur, Rajasthan, India"
J65,URGENT OPENING IN AIRPORT JOB ✈️,65,C65,"Coimbatore, Tamil Nadu, India"
J66,Invoice Processing,66,C66,"Gurgaon, Haryana, India"
J67,Content Writers,67,C67,"Pune, Maharashtra, India"
J68,Area Sales Manager,68,C68,"Jabalpur, Madhya Pradesh, India"
J69,Staff Nurse,69,C69,"Ahmedabad, Gujarat, India"
J70,Hiring 12th student for jobs in airport,70,C70,"Bengaluru, Karnataka, India"
J71,Manager - Marketing,71,C71,"Lucknow, Uttar Pradesh, India"
J72,URGENT OPENING IN AIRPORT JOB ✈️,72,C72,"Ahmedabad, Gujarat, India"
J73,Controls Engineer,73,C73,"Lucknow, Uttar Pradesh, India"
J74,Ellementry - Graphic Designer - Photoshop/After Effects,74,C74,"Jaipur, Rajasthan, India"
J75,Civil Supervisor - Finishing,75,C75,"Hyderabad, Telangana, India"
J76,Software Engineer Intern,76,C76,"Bengaluru, Karnataka, India"
J77,Security Executive,77,C77,"Delhi, Delhi, India"
J78,Accounts Payable,78,C78,"Bengaluru, Karnataka, India"
J79,Customer Care Manager-EV,79,C79,"Lucknow, Uttar Pradesh, India"
J80,Talent management & Operations,80,C80,"Gurgaon, Haryana, India"
J81,Executive- Social Media,81,C81,"Gurgaon, Haryana, India"
J82,GM Production / Operations,82,C82,"Mahad, Maharashtra, India"
J83,URGENT REQUIREMENT OF LABOUR INCHARGE & BACK OFFICE JOB,83,C83,"Kolkata, West Bengal, India"
J84,Sales Manager,84,C84,"Delhi, Delhi, India"
J85,Customer Experience- Customer Services Agent (Contact Centre - AMD),85,C85,"Ahmedabad, Gujarat, India"
J86,General Manager Marketing,86,C86,"Pune, Maharashtra, India"
J87,CAD Draughtsman,87,C87,"Chennai, Tamil Nadu, India"
J88,Assistant Manager,88,C88,"Hyderabad, Telangana, India"
J89,Branch Director- Facility,89,C89,"Bengaluru, Karnataka, India"
J90,Check Cabin Attendant (Airbus),90,C90,"Kakori, Uttar Pradesh, India"
J91,HUMAN RESOURCES,91,C91,"Pune, Maharashtra, India"
J92,Head Finance & Accounts,92,C92,"Lucknow, Uttar Pradesh, India"
J93,Mechanical Technician,93,C93,"Chennai, Tamil Nadu, India"
J94,Manager – People Development & Learning,94,C94,"Mumbai, Maharashtra, India"
J95,Urgent Hiring For Quality Analyst,95,C95,"Chennai, Tamil Nadu, India"
J96,Architect,96,C96,"Bengaluru, Karnataka, India"
J97,Graphic Designer,97,C97,"Delhi, Delhi, India"
J98,Associate Manager -Mergers & Acquisitions,98,C98,"Noida, Uttar Pradesh, India"
J99,Electrical Project Engineer,99,C99,"Gurgaon, Haryana, India"
J100,Senior Sales Manager- Affordable Housing,100,C100,"Lucknow, Uttar Pradesh, India"
J101,Computer operator/Air ticketing urgent hiring,101,C101,"Kakori, Uttar Pradesh, India"
J102,Instrument Technician,102,C102,"Ahmedabad, Gujarat, India"
J103,General Manager-HR,103,C103,"Ahmedabad, Gujarat, India"
J104,Rebar Detailer,104,C104,"Chennai, Tamil Nadu, India"
J105,Field Sales Development Manager-Nexa Channel,105,C105,"Lucknow, Uttar Pradesh, India"
J106,Appointment Setter,106,C106,"Pune, Maharashtra, India"
J107,Head -Retail Sales and Operation,107,C107,"Ahmedabad, Gujarat, India"
J108,AutoCAD Draughtsman,108,C108,"Pune, Maharashtra, India"
J109,Asst. Manager - Procurement,109,C109,"Gurgaon, Haryana, India"
J110,Personal Marketing Assistant,110,C110,"New Delhi, Delhi, India"
J111,Executive-Customer Experience,111,C111,"Gurgaon, Haryana, India"
J112,Junior Engineer (Cab Line Quality),112,C112,"Pune, Maharashtra, India"
J113,Assistant Manager - Customer Services,113,C113,"Delhi, Delhi, India"
J114,Security Supervisor,114,C114,"Ahmedabad, Gujarat, India"
J115,Business Analyst-IT Sales,115,C115,"Lucknow, Uttar Pradesh, India"
J116,Senior Analyst – Digital & eCommerce,116,C116,"Gurgaon, Haryana, India"
J117,Recruitment Executive,117,C117,"Ahmedabad, Gujarat, India"
J118,Associate,118,C118,"Pune, Maharashtra, India"
J119,Sap Financial Accounting and Controlling,119,C119,"Lucknow, Uttar Pradesh, India"
J120,Customer Service Representative,120,C120,"Noida, Uttar Pradesh, India"
J121,Security Guard Supervisor,121,C121,"Gurgaon, Haryana, India"
J122,Area Sales Manager,122,C122,"Jaipur, Rajasthan, India"
J123,Retail Manager (Fragrance & Beauty),123,C123,"Delhi, Delhi, India"
J124,Financial Admin Assistant,124,C124,"Pune, Maharashtra, India"
J125,Assistant Manager - Customer Retention,125,C125,"Bengaluru, Karnataka, India"
J126,Job openings for hiring gm operations in,126,C126,"Jaipur, Rajasthan, India"
J127,Utility (Maintenance) Engineer,127,C127,"Pune, Maharashtra, India"
J128,Manager - Human Resources - IT,128,C128,"Pune, Maharashtra, India"
J129,Order Management Analyst,129,C129,"Bengaluru, Karnataka, India"
J130,Area Sales Executive,130,C130,"Lucknow, Uttar Pradesh, India"
J131,Interior Designer,131,C131,"Noida, Uttar Pradesh, India"
J132,apply for Data Entry,132,C132,"Lucknow, Uttar Pradesh, India"
J133,pharmacist - Delhi,133,C133,"Delhi, Delhi, India"
J134,Blog Content Writer,134,C134,"Hyderabad, Telangana, India"
J135,Hr Executive,135,C135,"Pune, Maharashtra, India"
J136,Draftsman,136,C136,"Ahmedabad, Gujarat, India"
J137,Supervisor,137,C137,"Ahmedabad, Gujarat, India"
J138,Digital Marketing,138,C138,"Noida, Uttar Pradesh, India"
J139,Online Data entry And Data Typing work,139,C139,"Hyderabad, Telangana, India"
J140,Manager - Company Secretary,140,C140,"Noida, Uttar Pradesh, India"
J141,Education Counsellor,141,C141,"Chennai, Tamil Nadu, India"
J142,DGM- HR & ER,142,C142,"Jaipur, Rajasthan, India"
J143,Associate,143,C143,"Mumbai, Maharashtra, India"
J144,Manager - Communications,144,C144,"Gurgaon, Haryana, India"
J145,Medical Sales Representative,145,C145,"Lucknow, Uttar Pradesh, India"
J146,Autocad Draftman Designer,146,C146,"Jaipur, Rajasthan, India"
J147,Civil Engineer,147,C147,"Lucknow, Uttar Pradesh, India"
J148,"Computer operator(female) -Sector 51 , Gurgaon",148,C148,"Gurgaon, Haryana, India"
J149,Civil Engineer,149,C149,"Pune, Maharashtra, India"
J150,Executive crew control and logistics,150,C150,"Gurgaon, Haryana, India"
J151,Asst. Manager - Safety,151,C151,"Delhi, Delhi, India"
J152,Administrative Officer,152,C152,"Ahmedabad, Gujarat, India"
J153,Officer - Retail Sales - Jewellery Business,153,C153,"Lucknow, Uttar Pradesh, India"
J154,Urgent Hiring For Customer Support,154,C154,"Jaipur, Rajasthan, India"
J155,Maintenance Officer - Wantirna Views,155,C155,"Eastern Suburbs, Maharashtra, India"
J156,C&B Accountant,156,C156,"Bengaluru, Karnataka, India"
J157,Associate,157,C157,"Bengaluru, Karnataka, India"
J158,Quality Engineer,158,C158,"Pune, Maharashtra, India"
J159,Civil Engineer,159,C159,"Chennai, Tamil Nadu, India"
J160,Social Media Escalations Associate,160,C160,"Noida, Uttar Pradesh, India"
J161,Financial Planning Analyst,161,C161,"Lucknow, Uttar Pradesh, India"
J162,Civil Engineer,162,C162,"Jaipur, Rajasthan, India"
J163,Data Entry Specialist,163,C163,"Hyderabad, Telangana, India"
J164,Management Trainee,164,C164,"Noida, Uttar Pradesh, India"
J165,Business Strategy Specialist,165,C165,"Hyderabad, Telangana, India"
J166,Production Engineer,166,C166,"Ahmedabad, Gujarat, India"
J167,HTML Web Designer,167,C167,"Ahmedabad, Gujarat, India"
J168,Social Media Marketing Internship in Jaipur at The Digital Socialite,168,C168,"Jaipur, Rajasthan, India"
J169,Factory Manager/ Sr. Factory Manager,169,C169,"Delhi, Delhi, India"
J170,Key Account Manager - Associate,170,C170,"Noida, Uttar Pradesh, India"
J171,Urgent Hiring for Functional Tester,171,C171,"Bengaluru, Karnataka, India"
J172,Home based work for Computer operator work,172,C172,"Chennai, Tamil Nadu, India"
J173,"Manager, Startup Success Team",173,C173,"Gurgaon, Haryana, India"
J174,Accountant,174,C174,"Jaipur, Rajasthan, India"
J175,Business Development Manager,175,C175,"Mumbai, Maharashtra, India"
J176,Interior Designer,176,C176,"Delhi, Delhi, India"
J177,Project Manager,177,C177,"Bengaluru, Karnataka, India"
J178,Head Of School,178,C178,"Hyderabad, Telangana, India"
J179,Frontend Developer - HTML5/CSS3,179,C179,"Bengaluru, Karnataka, India"
J180,Interior Designer,180,C180,"Pune, Maharashtra, India"
J181,"Support-Procurement, Materials, SCM",181,C181,"Ahmedabad, Gujarat, India"
J182,Vice President - Human Resource Business Advisory - Pune,182,C182,"Pune, Maharashtra, India"
J183,Event Sales Coordinator,183,C183,"Lucknow, Uttar Pradesh, India"
J184,Finance Analyst,184,C184,"Pune, Maharashtra, India"
J185,Stores Officer,185,C185,"Mumbai, Maharashtra, India"
J186,Electrical site Engineer,186,C186,"Bengaluru, Karnataka, India"
J187,Account Receivable,187,C187,"Jaipur, Rajasthan, India"
J188,Airport Job 2023 - Ground Staff & Air Ticketing,188,C188,"Pune, Maharashtra, India"
J189,Sales executive,189,C189,"Ahmedabad, Gujarat, India"
J190,Associate - Internal Audit - Mumbai,190,C190,"Mumbai, Maharashtra, India"
J191,Business Analyst,191,C191,"Bengaluru, Karnataka, India"
J192,Human resource,192,C192,"Chennai, Tamil Nadu, India"
J193,Junior Engineer (NDT- Truck Frame Quality),193,C193,"Pune, Maharashtra, India"
J194,Flight Dispatcher,194,C194,"Delhi, Delhi, India"
J195,genuine data entry job for students,195,C195,"Kakori, Uttar Pradesh, India"
J196,Electrical Technician,196,C196,"Ahmedabad, Gujarat, India"
J197,School Teachers Vacancy in Rajasthan,197,C197,"Jaipur, Rajasthan, India"
J198,Plant Operator - Specialty Chemicals and Dyes Intermediates,198,C198,"Ahmedabad, Gujarat, India"
J199,Drug Safety Associate,199,C199,"Mumbai, Maharashtra, India"
J200,AutoCAD Designer / Draughtsman,200,C200,"Ahmedabad, Gujarat, India"
J201,Windows System Admin Level 1,201,C201,"Jaipur, Rajasthan, India"
J202,Mechanical Technician,202,C202,"Ahmedabad, Gujarat, India"
J203,Officer - Chat Operations,203,C203,"Pune, Maharashtra, India"
J204,"Area Sales Manager, Rajasthan",204,C204,"Jaipur, Rajasthan, India"
J205,Human Resources Executive,205,C205,"Ahmedabad, Gujarat, India"
J206,"Supervisor - Civil, Finishing, Electrical, PHE",206,C206,"Chennai, Tamil Nadu, India"
J207,Associate Consultant,207,C207,"Mumbai, Maharashtra, India"
J208,Assistant Manager - Finance,208,C208,"Noida, Uttar Pradesh, India"
J209,Executive,209,C209,"Gurgaon, Haryana, India"
J210,Civil Engineer,210,C210,"Jaipur, Rajasthan, India"
J211,Receptionist,211,C211,"Chennai, Tamil Nadu, India"
J212,Accountant,212,C212,"Gurgaon, Haryana, India"
J213,Content Writer,213,C213,"Jaipur, Rajasthan, India"
J214,Shift Manager,214,C214,"Hyderabad, Telangana, India"
J215,Front Office Representative(F),215,C215,"Gurgaon, Haryana, India"
J216,URGENT OPENING IN AIRPORT JOB,216,C216,"Gautam Buddha Nagar, Uttar Pradesh, India"
J217,Civil Engineer Fresher,217,C217,"Hyderabad, Telangana, India"
J218,CSSD Technician Incharge,218,C218,"Bengaluru, Karnataka, India"
J219,Software Engineer - Entry Level - Java,219,C219,"Chennai, Tamil Nadu, India"
J220,Customer Support - Team Lead,220,C220,"Bengaluru, Karnataka, India"
J221,Admin Assistant,221,C221,"Hyderabad, Telangana, India"
J222,Team Assistant,222,C222,"Pune, Maharashtra, India"
J223,Customer Experience Associate (Chat),223,C223,"Chennai, Tamil Nadu, India"
J224,Recruitment Consultant,224,C224,"Ahmedabad, Gujarat, India"
J225,Social Media Marketing Specialist,225,C225,"Ahmedabad, Gujarat, India"
J226,Key Account Manager E Commerce,226,C226,"Mumbai, Maharashtra, India"
J227,Senior Manager - Business Analyst,227,C227,"Bengaluru, Karnataka, India"
J228,Drug Safety Associate,228,C228,"Indore, Madhya Pradesh, India"
J229,Sales Manager I,229,C229,"Noida, Uttar Pradesh, India"
J230,Employee Relations Partner,230,C230,"Gurgaon, Haryana, India"
J231,Customer Service Officer,231,C231,"Gurgaon, Haryana, India"
J232,Cabin Crew | Air hostess Interview Ahmedabad,232,C232,"Ahmedabad, Gujarat, India"
J233,Logistic Executive - HUE,233,C233,"Ahmedabad, Gujarat, India"
J234,Business Development & Partnerships - AM,234,C234,"Bengaluru, Karnataka, India"
J235,Key Account Manager - Deputy Manager,235,C235,"Lucknow, Uttar Pradesh, India"
J236,Electrical Technician,236,C236,"Ahmedabad, Gujarat, India"
J237,Customer Support Officer,237,C237,"Chennai, Tamil Nadu, India"
J238,Analyst,238,C238,"Jaipur, Rajasthan, India"
J239,Graphic Designer,239,C239,"Jaipur, Rajasthan, India"
J240,Content Writer,240,C240,"Bengaluru, Karnataka, India"
J241,Engineer – Mechanical Component,241,C241,"Bengaluru, Karnataka, India"
J242,Business Marketing Manager,242,C242,"Noida, Uttar Pradesh, India"
J243,Draughtsman,243,C243,"Delhi, Delhi, India"
J244,Customer Success Specialist_02-Feb-23,244,C244,"Hyderabad, Telangana, India"
J245,Human Resources (HR) work from home job/internship at Endeavor Academy,245,C245,India
J246,Executive Assistant,246,C246,"Delhi, Delhi, India"
J247,Sap Finance Control Consultant(PAN INDIA),247,C247,"Mumbai, Maharashtra, India"
J248,Executive Assistant,248,C248,"Jaipur, Rajasthan, India"
J249,Autocad Draftsman,249,C249,"Ahmedabad, Gujarat, India"
J250,System Administrator,250,C250,"Chennai, Tamil Nadu, India"
J251,"ANALYST I, GLOBAL BUSINESS SERVICES",251,C251,"Gurugram, Haryana, India"
J252,Project Manager,252,C252,"Noida, Uttar Pradesh, India"
J253,Accounting Assistant,253,C253,"Hyderabad, Telangana, India"
J254,Strategic Account Management - Account Driver,254,C254,"Mumbai, Maharashtra, India"
J255,Assistant Manager Warehouse Operations,255,C255,"Jaipur, Rajasthan, India"
J256,Market Research Specialist,256,C256,"Gurgaon, Haryana, India"
J257,Mechanical Design Engineer,257,C257,"Bengaluru, Karnataka, India"
J258,Aerospace Engineer,258,C258,"Lucknow, Uttar Pradesh, India"
J259,Radiographer,259,C259,"Hyderabad, Telangana, India"
J260,Car Driver,260,C260,"Delhi, Delhi, India"
J261,Raw Material - Supply Chain,261,C261,"Gurgaon, Haryana, India"
J262,Human Resources,262,C262,"Lucknow, Uttar Pradesh, India"
J263,Trade Marketing Head,263,C263,"Lucknow, Uttar Pradesh, India"
J264,Senior Executive - Supply Chain,264,C264,"Mumbai, Maharashtra, India"
J265,Assistant Manager - Sales Analytics,265,C265,"Gurgaon, Haryana, India"
J266,Customer Support Representative,266,C266,"Chennai, Tamil Nadu, India"
J267,CNC machine operator,267,C267,"Ahmedabad, Gujarat, India"
J268,Executive Secretary,268,C268,"Lucknow, Uttar Pradesh, India"
J269,Business Development Manager - Consumer Beauty,269,C269,"Mumbai, Maharashtra, India"
J270,L1 Desktop Support Enginnner,270,C270,"Chennai, Tamil Nadu, India"
J271,HR Executive,271,C271,"Lucknow, Uttar Pradesh, India"
J272,We are Hiring for - Senior Manager/Assistant General Manager - Human Resources,272,C272,"Ahmedabad, Gujarat, India"
J273,Financial Analysis - Analyst,273,C273,"Bengaluru, Karnataka, India"
J274,Safety Officer,274,C274,"Lucknow, Uttar Pradesh, India"
J275,Law/Legal Internship in Lucknow at Cyberonics India,275,C275,"Lucknow, Uttar Pradesh, India"
J276,Junior Architect,276,C276,"Hyderabad, Telangana, India"
J277,Training Manager,277,C277,"Hyderabad, Telangana, India"
J278,Area Sales Manager,278,C278,"Lucknow, Uttar Pradesh, India"
J279,QUALITY ASSURANCE,279,C279,"Hyderabad, Telangana, India"
J280,Assistant Finance Manager,280,C280,"Gurgaon, Haryana, India"
J281,Technical Trainer,281,C281,"Lucknow, Uttar Pradesh, India"
J282,Head Civil Project | GMCH |,282,C282,"Jaipur, Rajasthan, India"
J283,Civil Engineer,283,C283,"Delhi, Delhi, India"
J284,WORK FROM HOME DATA ENTRY EXECUTIVE,284,C284,"Chennai, Tamil Nadu, India"
J285,Benefits Co-ordinator,285,C285,"Gurgaon, Haryana, India"
J286,Operations Analyst,286,C286,"Lucknow, Uttar Pradesh, India"
J287,Quality Engineer,287,C287,"Hyderabad, Telangana, India"
J288,URGENT OPENING IN AIRPORT JOB ✈️,288,C288,"Bengaluru North, Karnataka, India"
J289,Financial Planning and Analysis- Supply Chain Finance,289,C289,"Bengaluru, Karnataka, India"
J290,Financial Analyst-Commercial Organisation,290,C290,"Bengaluru, Karnataka, India"
J291,Quality Assurance Manager,291,C291,"Hyderabad, Telangana, India"
J292,Videographer,292,C292,"Gurgaon, Haryana, India"
J293,Manager – Digital & eCommerce,293,C293,"Gurgaon, Haryana, India"
J294,Lab Technicians Clinical Pathology Laboratory,294,C294,"Hyderabad, Telangana, India"
J295,Airport Ground Staff-Freshers,295,C295,"Chandigarh, Chandigarh, India"
J296,Airport Ground Handling Job in Himachal,296,C296,"Sihnuta, Himachal Pradesh, India"
J297,Software Engineer (Fresher),297,C297,"Delhi, Delhi, India"
J298,Digital Marketing Internship in Mumbai at Audi Mumbai West,298,C298,"Mumbai, Maharashtra, India"
J299,Shipping Incharge,299,C299,"Jaipur, Rajasthan, India"
J300,Branch Relationship Manager,300,C300,"Bengaluru, Karnataka, India"
J301,KYC AVP,301,C301,"Jaipur, Rajasthan, India"
J302,Technical Support Associate,302,C302,"Bengaluru, Karnataka, India"
J303,Front Desk Receptionist,303,C303,"Pune, Maharashtra, India"
J304,CAD Designer,304,C304,"Pune, Maharashtra, India"
J305,Maintenance Engineer,305,C305,"Hyderabad, Telangana, India"
J306,Area Sales Manager,306,C306,"Delhi, Delhi, India"
J307,Finance Analyst,307,C307,"Pune, Maharashtra, India"
J308,Program Management Office Analyst,308,C308,"Mumbai, Maharashtra, India"
J309,Associate,309,C309,"Pune, Maharashtra, India"
J310,QA Manual/Automation - Jaipur,310,C310,"Jaipur, Rajasthan, India"
J311,Senior Executive - Customer Experience,311,C311,"Gurgaon, Haryana, India"
J312,Team Lead - Local Logistics,312,C312,"Chennai, Tamil Nadu, India"
J313,Operations Lead,313,C313,"Jaipur, Rajasthan, India"
J314,Video Editor,314,C314,"Pune, Maharashtra, India"
J315,Junior Engineer,315,C315,"Pune, Maharashtra, India"
J316,Lead - Brand Marketing and Communications,316,C316,"Mumbai, Maharashtra, India"
J317,Civil Engineer,317,C317,"Lucknow, Uttar Pradesh, India"
J318,Business Development Executive,318,C318,"Jaipur, Rajasthan, India"
J319,Laboratory Technician,319,C319,"Delhi, Delhi, India"
J320,URGENT HIRING WITH TECH MAHINDRA-SQL DEVELOPER,320,C320,"Pune, Maharashtra, India"
J321,HR Business Partner,321,C321,"Chennai, Tamil Nadu, India"
J322,HR Executive,322,C322,"Chennai, Tamil Nadu, India"
J323,Associate Manager-Planning,323,C323,"Hyderabad, Telangana, India"
J324,Assistant Manager/Deputy Manager/Manager - Procurement,324,C324,"Mumbai, Maharashtra, India"
J325,Executive / Sr . Executive Admin,325,C325,"Lucknow, Uttar Pradesh, India"
J326,"Civil Engineer-Project For Agro chemical Industry In Saykha,Gujarat",326,C326,"Ahmedabad, Gujarat, India"
J327,IT Support Specialist,327,C327,"Chennai, Tamil Nadu, India"
J328,Sr. Manager Sales Excellence,328,C328,"Gurgaon, Haryana, India"
J329,Associate,329,C329,"Bengaluru, Karnataka, India"
J330,HR Executive (Male),330,C330,"Gurgaon, Haryana, India"
J331,R&D Process Safety,331,C331,"Navi Mumbai, Maharashtra, India"
J332,Executive - Payroll,332,C332,"Gurgaon, Haryana, India"
J333,"Office Executive,",333,C333,"Lucknow, Uttar Pradesh, India"
J334,Quality Control Engineer,334,C334,"Ahmedabad, Gujarat, India"
J335,Data Scientist,335,C335,"Chennai, Tamil Nadu, India"
J336,Analyst,336,C336,"Gurugram, Haryana, India"
J337,HR Recruiter - Adler,337,C337,"Ahmedabad, Gujarat, India"
J338,Category Head Grocery & Brand Partnerships,338,C338,"Bengaluru, Karnataka, India"
J339,Hospital Pharmacist,339,C339,"Ahmedabad, Gujarat, India"
J340,HR Coordinator & Helpdesk,340,C340,"Gurgaon, Haryana, India"
J341,Customer Support Executive,341,C341,"Lucknow, Uttar Pradesh, India"
J342,Head - IT Infrastructure - Manufacturing Firm,342,C342,"Hyderabad, Telangana, India"
J343,Medical Biller,343,C343,"Ahmedabad, Gujarat, India"
J344,Inside Sales Specialist,344,C344,"Gurugram, Haryana, India"
J345,Customer Support Executive,345,C345,"Bengaluru, Karnataka, India"
J346,Mechanical Engineer - Autocad/Solidworks,346,C346,"Bengaluru, Karnataka, India"
J347,Human Resources Executive,347,C347,"Jaipur, Rajasthan, India"
J348,Copyeditor,348,C348,"Bengaluru, Karnataka, India"
J349,General Cashier,349,C349,"Delhi, Delhi, India"
J350,Business Head - Recruitment,350,C350,"Ahmedabad, Gujarat, India"
J351,Assistant Manager,351,C351,"Bengaluru, Karnataka, India"
J352,Hr Generalist,352,C352,"Ahmedabad, Gujarat, India"
J353,Engineer - Electrical Component,353,C353,"Bengaluru, Karnataka, India"
J354,Civil Draftsman,354,C354,"Delhi, Delhi, India"
J355,Head Of Global Operations,355,C355,"Ahmedabad, Gujarat, India"
J356,HR Executive,356,C356,"Lucknow, Uttar Pradesh, India"
J357,Relationship Manager - Sales,357,C357,"Mumbai, Maharashtra, India"
J358,SENIOR ADMINISTRATIVE ASSISTANT,358,C358,"Ahmedabad, Gujarat, India"
J359,URGENT OPENING IN AIRPORT JOB ✈️,359,C359,"Maharashtra, India"
J360,Senior Accountant,360,C360,"Gurgaon, Haryana, India"
J361,Quality Engineer (Assembly Testing ),361,C361,"Ahmedabad, Gujarat, India"
J362,Quantity Surveyor,362,C362,"Chennai, Tamil Nadu, India"
J363,Customer Success Specialist (North America Market)),363,C363,"Noida, Uttar Pradesh, India"
J364,Junior Engineer,364,C364,"Pune, Maharashtra, India"
J365,Coordinator I - Quality,365,C365,"Chennai, Tamil Nadu, India"
J366,URGENT OPENING IN AIRPORT JOB ✈️,366,C366,"Thrissur, Kerala, India"
J367,Graphic Designer,367,C367,"Ahmedabad, Gujarat, India"
J368,AutoCAD Designer,368,C368,"Hyderabad, Telangana, India"
J369,AutoCAD Designer,369,C369,"Hyderabad, Telangana, India"
J370,Deputy General Manager - EHS,370,C370,"Jaipur, Rajasthan, India"
J371,Business Administration Support,371,C371,"Bengaluru, Karnataka, India"
J372,Housekeeper,372,C372,"Jaipur, Rajasthan, India"
J373,Content Writer,373,C373,"Jaipur, Rajasthan, India"
J374,Sr. Executive - Cargo,374,C374,"Gurgaon, Haryana, India"
J375,Assistant Manager - Materials,375,C375,"Pune, Maharashtra, India"
J376,Manager - Brand Marketing,376,C376,"Bengaluru, Karnataka, India"
J377,Associate - Student Services,377,C377,"Ahmedabad, Gujarat, India"
J378,Data Analyst,378,C378,"Mumbai, Maharashtra, India"
J379,Sr. Security Executive,379,C379,"Jaipur, Rajasthan, India"
J380,Executive Assistant,380,C380,"Pune, Maharashtra, India"
J381,HR Generalist,381,C381,"Pune, Maharashtra, India"
J382,Safety Officer,382,C382,"Ahmedabad, Gujarat, India"
J383,Finance,383,C383,"Pune, Maharashtra, India"
J384,Data Entry work from home job/internship at Grow Your Staff,384,C384,India
J385,Nurse,385,C385,"Delhi, Delhi, India"
J386,Security Executive,386,C386,"Delhi, Delhi, India"
J387,Graphic Designer,387,C387,"Chennai, Tamil Nadu, India"
J388,Head - Guest Relations,388,C388,"Hyderabad, Telangana, India"
J389,Urgent Opening For Fire and Safety Officer- Fmcg company,389,C389,"Ahmedabad, Gujarat, India"
J390,Digital Marketer,390,C390,"Lucknow, Uttar Pradesh, India"
J391,Junior Accountant Fresher,391,C391,"Hyderabad, Telangana, India"
J392,Interior Designer,392,C392,"Pune, Maharashtra, India"
J393,Assistant Relationship Manager,393,C393,"Mumbai, Maharashtra, India"
J394,Asst. Manager - Human Resources,394,C394,"Gurgaon, Haryana, India"
J395,Asst. Engineer -Installation,395,C395,"Nashik, Maharashtra, India"
J396,Asst. Manager - Human Resources,396,C396,"Gurgaon, Haryana, India"
J397,Data Entry Operator,397,C397,"Jaipur, Rajasthan, India"
J398,Learning & development Executive,398,C398,"Bengaluru, Karnataka, India"
J399,Financial Analyst,399,C399,"Ahmedabad, Gujarat, India"
J400,Digital marketer,400,C400,"Lucknow, Uttar Pradesh, India"
J401,Business analyst - Capital markets,401,C401,"Pune, Maharashtra, India"
J402,"Production Engineer , IKEA Components",402,C402,"Bengaluru, Karnataka, India"
J403,Junior Engineer,403,C403,"Pune, Maharashtra, India"
J404,Senior Account Manager - Retail,404,C404,"Mumbai, Maharashtra, India"
J405,Financial Planning and Analysis Manager,405,C405,"Mumbai, Maharashtra, India"
J406,Call Centre Lead - AGM/DGM,406,C406,"Noida, Uttar Pradesh, India"
J407,Finance Analyst,407,C407,"Pune, Maharashtra, India"
J408,Asst. Manager - IT (Server),408,C408,"Gurgaon, Haryana, India"
J409,Sr. Manager - Strategic Sourcing,409,C409,"Hyderabad, Telangana, India"
J410,Hr Recruiter,410,C410,"Faridabad, Haryana, India"
J411,HR EXECUTIVE,411,C411,"Pune, Maharashtra, India"
J412,Designer - Solidworks,412,C412,"Chennai, Tamil Nadu, India"
J413,Executive - Crew Planning,413,C413,"Gurgaon, Haryana, India"
J414,Retail Pharmacist,414,C414,"Lucknow, Uttar Pradesh, India"
J415,Ground Staff Cabin Crew Job opening,415,C415,"Kakori, Uttar Pradesh, India"
J416,Business Analyst,416,C416,"Hyderabad, Telangana, India"
J417,Head Manufacturing / Head Factory,417,C417,"Ahmedabad, Gujarat, India"
J418,Mechanical Engineer,418,C418,"Ahmedabad, Gujarat, India"
J419,Civil Engineer,419,C419,"Pune, Maharashtra, India"
J420,Social Media Manager,420,C420,"Lucknow, Uttar Pradesh, India"
J421,General Manager - Compliance,421,C421,"Noida, Uttar Pradesh, India"
J422,INTERNAL AUDITOR- COMPLIANCE,422,C422,"Navi Mumbai, Maharashtra, India"
J423,Illustrator,423,C423,"Jaipur, Rajasthan, India"
J424,Invoice Processing,424,C424,"Gurgaon, Haryana, India"
J425,DGM Security,425,C425,"Ahmedabad, Gujarat, India"
J426,COMPANY SECRETARY & COMPLIANCES OFFICER,426,C426,"Jaipur, Rajasthan, India"
J427,Staff Nurse,427,C427,"Lucknow, Uttar Pradesh, India"
J428,Manager - Payroll,428,C428,"Gurgaon, Haryana, India"
J429,Civil Site Engineer,429,C429,"Chennai, Tamil Nadu, India"
J430,AM/DM Civil Engineering,430,C430,"Gurgaon, Haryana, India"
J431,Construction Engineer,431,C431,"Ahmedabad, Gujarat, India"
J432,Airport Job 2023 - Ground Staff & Air Ticketing,432,C432,"Mumbai, Maharashtra, India"
J433,Electrical Engineer Fresher,433,C433,"Hyderabad, Telangana, India"
J434,Assistant,434,C434,"Ahmedabad, Gujarat, India"
J435,Supervisor/ Jr.Supervisor QC,435,C435,"Ahmedabad, Gujarat, India"
J436,HR Manager,436,C436,"Ahmedabad, Gujarat, India"
J437,Jr. Business Development Executive - Fresher,437,C437,"Ahmedabad, Gujarat, India"
J438,Social Media Manager,438,C438,"Lucknow, Uttar Pradesh, India"
J439,IT Technician,439,C439,"Hyderabad, Telangana, India"
J440,Processor,440,C440,"Noida, Uttar Pradesh, India"
J441,Java Developer,441,C441,"Jaipur, Rajasthan, India"
J442,Consumer Marketing Head,442,C442,"Lucknow, Uttar Pradesh, India"
J443,Manager-HR,443,C443,"Hyderabad, Telangana, India"
J444,Business Development Manager,444,C444,"Lucknow, Uttar Pradesh, India"
J445,QA Manual Tester,445,C445,"Ahmedabad, Gujarat, India"
J446,Operations Manager,446,C446,"Pune, Maharashtra, India"
J447,Business Analyst,447,C447,"Jaipur, Rajasthan, India"
J448,Autocad Draughtsman Mechanical,448,C448,"Jaipur, Rajasthan, India"
J449,Content Writer,449,C449,"Lucknow, Uttar Pradesh, India"
J450,HR Head,450,C450,"Hyderabad, Telangana, India"
J451,Area Collection (Jaipur)- Executive Manager,451,C451,"Jaipur, Rajasthan, India"
J452,Desktop Support Engineer,452,C452,"Pune, Maharashtra, India"
J453,Stone Business Development Executive,453,C453,"Lucknow, Uttar Pradesh, India"
J454,Customer Service Representative,454,C454,"Noida, Uttar Pradesh, India"
J455,Social Media Marketing Intern,455,C455,"Jaipur, Rajasthan, India"
J456,Tech Support Executive - Hyderabad Location,456,C456,"Hyderabad, Telangana, India"
J457,Hr Recruiter,457,C457,"Pune, Maharashtra, India"
J458,Dietitian,458,C458,"Jaipur, Rajasthan, India"
J459,Senior Manager - Leasing,459,C459,"Lucknow, Uttar Pradesh, India"
J460,Data entry,460,C460,"Chennai, Tamil Nadu, India"
J461,Assistant Accountant,461,C461,"Jaipur, Rajasthan, India"
J462,Urgent hiring For Assistant Manager - Warehouse Operations (FC),462,C462,"Lucknow, Uttar Pradesh, India"
J463,Admissions Counselor,463,C463,"Noida, Uttar Pradesh, India"
J464,Firstcry.com - Retail Trainer/Regional Trainer,464,C464,"Ahmedabad, Gujarat, India"
J465,Medical Representative,465,C465,"Chennai, Tamil Nadu, India"
J466,Executive - Events & Operations,466,C466,"Mumbai, Maharashtra, India"
J467,Team leader- Hub Operations,467,C467,"Delhi, Delhi, India"
J468,Manager - Business Development,468,C468,"Bengaluru, Karnataka, India"
J469,Staff Nurse,469,C469,"Delhi, Delhi, India"
J470,Manufacturing Head - Plant - India and Nepal Region,470,C470,"Pune, Maharashtra, India"
J471,Video Editor and Graphic Designer,471,C471,"Jaipur, Rajasthan, India"
J472,Quality Engineer,472,C472,"Ahmedabad, Gujarat, India"
J473,Project Manager,473,C473,"Bengaluru, Karnataka, India"
J474,General Administration,474,C474,"Hyderabad, Telangana, India"
J475,Accountant,475,C475,"Gurgaon, Haryana, India"
J476,Executive Administrative Assistant,476,C476,"Ahmedabad, Gujarat, India"
J477,Opportunity for MEP Head,477,C477,"Lucknow, Uttar Pradesh, India"
J478,Interior Designer,478,C478,"Delhi, Delhi, India"
J479,Head Of Human Resources,479,C479,"Ahmedabad, Gujarat, India"
J480,Sr. Executive - Crew Services,480,C480,"Gurgaon, Haryana, India"
J481,Operations Manager,481,C481,"Jaipur, Rajasthan, India"
J482,Assistant Manager,482,C482,"Pune, Maharashtra, India"
J483,Civil Engineer/Site Engineer in DLF Group,483,C483,"Delhi, Delhi, India"
J484,Manager - Finance (Inventory),484,C484,"Bengaluru, Karnataka, India"
J485,IELTS TRAINER,485,C485,"Ahmedabad, Gujarat, India"
J486,Analyst,486,C486,"Bengaluru, Karnataka, India"
J487,Simple Typing /Online Data Entry/Work From Home /Part Time Job,487,C487,"Hyderabad, Telangana, India"
J488,HR Generalist,488,C488,"Chennai, Tamil Nadu, India"
J489,Asst. Manager - Finance & Accounts,489,C489,"Gurgaon, Haryana, India"
J490,Immediate Hiring - D.G.O. ( Obsterics and Gynaec 25 LPA K With Accommodation,490,C490,"Lucknow, Uttar Pradesh, India"
J491,URGENT OPENING IN AIRPORT JOB ✈️,491,C491,"Hyderabad, Telangana, India"
J492,Drug Safety Specialist,492,C492,"Jaipur, Rajasthan, India"
J493,Officer - Fire Prevention,493,C493,"Hyderabad, Telangana, India"
J494,Civil Engineer,494,C494,"Chennai, Tamil Nadu, India"
J495,Executive Assistant,495,C495,"Jaipur, Rajasthan, India"
J496,Human Resources (HR) Internship in Gurgaon at Boult Audio,496,C496,"Gurgaon, Haryana, India"
J497,Lab Assistant,497,C497,"Jaipur, Rajasthan, India"
J498,AR Caller,498,C498,"Jaipur, Rajasthan, India"
J499,Security Supervisor,499,C499,"Jaipur, Rajasthan, India"
J500,Quality Engineer,500,C500,"Jaipur, Rajasthan, India"
J501,Data & Analytics- Associate Director,501,C501,"Mumbai, Maharashtra, India"
J502,Assistant Manager - Finance (P2P),502,C502,"Bengaluru, Karnataka, India"
J503,Asst. Manager - Procurement,503,C503,"Gurgaon, Haryana, India"
J504,"BE / Diploma Fresher, Junior Engineer Trainee, 2022 Graduate Can Also",504,C504,"Chennai, Tamil Nadu, India"
J505,Office Assistant,505,C505,"Delhi, Delhi, India"
J506,Finance - Product Manager,506,C506,"Kakori, Uttar Pradesh, India"
J507,Channel Sales Manager,507,C507,"Hyderabad, Telangana, India"
J508,Security Executive,508,C508,"Jaipur, Rajasthan, India"
J509,Security Executive,509,C509,"Jaipur, Rajasthan, India"
J510,Manual Tester,510,C510,"Lucknow, Uttar Pradesh, India"
J511,Assistant Sales Manager,511,C511,"Mumbai, Maharashtra, India"
J512,Procurement Manager,512,C512,"Noida, Uttar Pradesh, India"
J513,Executive Assistant,513,C513,"Gurugram, Haryana, India"
J514,Storekeeper,514,C514,"Pune, Maharashtra, India"
J515,Data Entry Clerk ( Home Based work),515,C515,"Chennai, Tamil Nadu, India"
J516,Site Engineer,516,C516,"Ahmedabad, Gujarat, India"
J517,Quantity Surveyor,517,C517,"Bengaluru, Karnataka, India"
J518,Social Media Manager,518,C518,"Bangalore Urban, Karnataka, India"
J519,Airport CSA & Ground Staff,519,C519,"Pune, Maharashtra, India"
J520,Mechanical Engineer,520,C520,"Jaipur, Rajasthan, India"
J521,Urgent | Hiring for Education Counselor at Jaipur ( Work from Office),521,C521,"Jaipur, Rajasthan, India"
J522,Human Resources (HR) Internship in Hyderabad at Green Gold Animation Private Limited,522,C522,"Hyderabad, Telangana, India"
